Id,SalePrice
SalePrice,1.0
GrLivArea,0.718844080328
GarageCars,0.680407571453
GarageArea,0.655211383657
TotalBsmtSF,0.641552526428
1stFlrSF,0.613741522475
FullBath,0.590918692388
YearBuilt,0.588977465046
YearRemodAdd,0.568986417746
TotRmsAbvGrd,0.53344564751
ExterQual_Gd,0.513607884069
GarageYrBlt,0.502557565429
Fireplaces,0.487126028894
HeatingQC_Ex,0.466696813163
BsmtQual_Ex,0.457863039027
BsmtFinType1_GLQ,0.438212440449
OverallQual_8,0.433494614317
MasVnrArea,0.428762360252
KitchenQual_Gd,0.415374280044
GarageFinish_Fin,0.415369054146
Foundation,0.412102651197
KitchenQual_Ex,0.406031215726
BsmtFinSF1,0.382709789012
ExterQual_Ex,0.356001171326
CentralAir,0.353708030643
OverallCond_5,0.345375573243
LotFrontage,0.342695417557
BsmtQual_Gd,0.342553990453
OverallQual_9,0.339834030302
WoodDeckSF,0.330573365519
OpenPorchSF,0.327038011947
HalfBath,0.311190838407
Electrical_SBrkr,0.30742995574
2ndFlrSF,0.306605272886
PavedDrive_Y,0.301370023793
BsmtExposure_Gd,0.268583910653
OverallQual_7,0.267326181302
SaleCondition,0.260784983758
LotArea,0.258945170764
GarageFinish_RFn,0.243198094266
LotShape_IR1,0.241122826836
BsmtFullBath,0.238850636344
OverallQual_10,0.233053379268
BsmtUnfSF,0.223248322833
HouseStyle,0.211675488911
FireplaceQu_TA,0.211289765391
BedroomAbvGr,0.204117008769
Neighborhood,0.201529531473
FireplaceQu_Ex,0.195337887115
RoofStyle,0.185601609316
GarageCond_TA,0.16996681563
BsmtExposure_Av,0.138657553437
Functional_Typ,0.133435256692
Exterior2nd,0.133222876418
LotShape_IR2,0.127472009399
ExterCond_TA,0.127179016846
GarageQual_TA,0.123927757072
Exterior1st,0.123906845919
ScreenPorch,0.123860328884
Condition1,0.117003138517
BsmtCond_Gd,0.108283236138
RoofMatl,0.0859224904143
Fence_MnPrv,0.0822664093223
MoSold,0.0622309719547
Street,0.057594978642
3SsnPorch,0.0560649245168
OverallCond_9,0.0553462622011
BsmtExposure_Mn,0.0536450192564
GarageQual_Gd,0.0493044433264
BsmtFinType2_ALQ,0.0421449793178
LotShape_IR3,0.0414681435037
PoolArea,0.040678795125
BsmtCond_TA,0.0378180084867
BsmtFinType2_Unf,0.0361207955464
MiscFeature,0.0331440309856
LandContour,0.0318064017676
LandSlope_Mod,0.0299856825203
LandSlope_Sev,0.0260378826384
PoolQC_Ex,0.0228693858558
Fence_GdPrv,0.0182541102746
Utilities_AllPub,0.0126175598775
ExterCond_Ex,0.0112217496614
BsmtFinSF2,0.0064197983477
GarageCond_Gd,0.00571092207435
BsmtFinType2_GLQ,0.00289251415275
Condition2,0.000109398322093
FireplaceQu_Fa,-0.00516667948909
Alley,-0.01080409313
MasVnrType,-0.0139650726895
BsmtHalfBath,-0.0149738364787
Functional_Sev,-0.0168426306708
MiscVal,-0.0197517444719
BsmtFinType2_LwQ,-0.0201223807605
GarageCond_Ex,-0.0275674369779
BsmtFinType2_Rec,-0.0284011752435
PoolQC_Gd,-0.0320175606289
YrSold,-0.0343188962394
MSSubClass,-0.036906915382
LowQualFinSF,-0.0376983258682
LandSlope_Gtl,-0.038379611028
SaleType,-0.0386644142181
Functional_Maj1,-0.0403954714029
Functional_Mod,-0.0420716950425
HeatingQC_Po,-0.042923715749
ExterCond_Gd,-0.0442593007549
Fence_MnWw,-0.0496119742289
ExterCond_Po,-0.0514396951258
BsmtFinType2_BLQ,-0.0514560996757
Functional_Min1,-0.0595184770364
GarageQual_Po,-0.0630552940085
OverallCond_2,-0.0635418129349
LotConfig,-0.0643710692039
OverallCond_8,-0.0648360024016
Electrical_FuseP,-0.0660030040914
OverallCond_1,-0.0664311487291
Functional_Min2,-0.0689073610595
BldgType,-0.0710982380269
BsmtFinType1_ALQ,-0.0731275783876
GarageCond_Po,-0.0788298126806
OverallQual_6,-0.0811254477943
BsmtFinType1_LwQ,-0.0821636099252
FireplaceQu_Po,-0.0843887428196
BsmtCond_Po,-0.0895861441671
PavedDrive_P,-0.0954610523459
OverallCond_7,-0.102836213026
Functional_Maj2,-0.10457927579
OverallQual_1,-0.114571049065
Fence_GdWo,-0.11782474098
HeatingQC_Gd,-0.125499971767
BsmtFinType1_BLQ,-0.131094246559
BsmtFinType1_Rec,-0.135408989086
OverallQual_2,-0.137318385833
Heating,-0.140650805625
KitchenAbvGr,-0.147890456761
EnclosedPorch,-0.148636492966
OverallCond_6,-0.159612201796
BsmtQual_Fa,-0.160270371149
BsmtFinType1_Unf,-0.160284744075
GarageQual_Fa,-0.161859395805
Electrical_FuseF,-0.167442711733
BsmtCond_Fa,-0.168271356593
GarageCond_Fa,-0.168482969727
ExterQual_Fa,-0.178529689994
HeatingQC_Fa,-0.181416187545
MSZoning,-0.190487652188
OverallCond_4,-0.192016856785
OverallCond_3,-0.194778272269
ExterCond_Fa,-0.200445581391
OverallQual_3,-0.204012957556
KitchenQual_Fa,-0.216774422669
FireplaceQu_Gd,-0.227229487204
Electrical_FuseA,-0.239940549958
LotShape_Reg,-0.286172377961
PavedDrive_N,-0.287837747578
BsmtExposure_No,-0.302261371072
HeatingQC_TA,-0.335507635126
GarageType,-0.342670988819
OverallQual_4,-0.345385538411
OverallQual_5,-0.373117327186
KitchenQual_TA,-0.538948428662
BsmtQual_TA,-0.539358426411
GarageFinish_Unf,-0.575923006716
ExterQual_TA,-0.596303552906
